{
  "PHILIPPINES": "National Capital region",
  "NCR": "National Capital region",
  "NCR I": "National Capital region",
  "NCR II": "National Capital region",
  "NCR III": "National Capital region",
  "NCR IV": "National Capital region",
  "City of Mandaluyong": "National Capital region",
  "City of San Juan": "National Capital region",
  "Quezon City": "National Capital region",
  "City of Marikina": "National Capital region",
  "City of Caloocan": "National Capital region",
  "City of Malabon": "National Capital region",
  "City of Navotas": "National Capital region",
  "City of Las Pi\u00f1as": "National Capital region",
  "City of Muntinlupa": "National Capital region",
  "City of Para\u00f1aque": "National Capital region",
  "Pasay City": "National Capital region",
  "City of Makati": "National Capital region",
  "Pateros": "National Capital region",
  "CAR - CORDILLERA ADMINISTRATIVE REGION": "Region I",
  "Abra": "Region I",
  "Benguet (Excluding City of Baguio)": "Region I",
  "City of Baguio": "Region I",
  "Ifugao": "Region I",
  "Kalinga": "Region I",
  "Mountain Province": "Region I",
  "Apayao": "Region I",
  "Ilocos Norte": "Region I",
  "Ilocos Sur": "Region I",
  "La Union": "Region I",
  "Pangasinan": "Region I",
  "Tarlac": "Region III",
  "Nueva Ecija": "Region III",
  "Zambales": "Region III",
  "Bulacan": "Region III",
  "Nueva Vizcaya": "Region III",
  "Quirino": "Region III",
  "Aurora": "Region III",
  "Batangas": "Region IV-A",
  "Cavite": "Region IV-A",
  "Laguna": "Region IV-A",
  "Quezon": "Region IV-A",
  "Rizal": "Region IV-A",
  "Marinduque": "Region IV-A",
  "Romblon": "Region IV-A",
  "Palawan": "Region IV-A",
  "Albay": "Region V",
  "Camarines Norte": "Region V",
  "Camarines Sur": "Region V",
  "Catanduanes": "Region V",
  "Sorsogon": "Region V",
  "Masbate": "Region V",
  "Aklan": "Region VI",
  "Antique": "Region VI",
  "Capiz": "Region VI",
  "Guimaras": "Region VI",
  "Iloilo": "Region VI",
  "Negros Occidental": "Region VI",
  "Bohol": "Region VII",
  "Cebu": "Region VII",
  "Negros Oriental": "Region VII",
  "Siquijor": "Region VII",
  "Biliran": "Region VII",
  "Eastern Samar": "Region VII",
  "Leyte": "Region VII",
  "Northern Samar": "Region VII",
  "Samar": "Region VII",
  "Southern Leyte": "Region VII",
  "Zamboanga del Norte": "Region VII",
  "Zamboanga del Sur": "Region VII",
  "Zamboanga Sibugay": "Region VII",
  "City of Isabela": "Region VII",
  "Bukidnon": "Region VII",
  "Camiguin": "Region VII",
  "Lanao del Norte": "Region VII",
  "Misamis Occidental": "Region VII",
  "Misamis Oriental": "Region VII",
  "Davao del Norte": "Region VII",
  "Davao del Sur": "Region VII",
  "Davao Oriental": "Region VII",
  "Davao de Oro": "Region VII",
  "Davao Occidental": "Region VII",
  "City of Davao": "Region VII",
  "Cotabato (North Cotabato)": "Region VII",
  "South Cotabato (Excluding City of General Santos)": "Region VII",
  "City of General Santos (Dadiangas)": "Region VII",
  "Sultan Kudarat": "Region VII",
  "Sarangani": "Region VII",
  "Cotabato City": "Region VII",
  "Agusan del Norte": "Region VII",
  "City of Butuan": "Region VII",
  "Agusan del Sur": "Region VII",
  "Surigao del Norte": "Region VII",
  "Surigao del Sur": "Region VII",
  "Dinagat Islands": "Region VII",
  "Basilan": "Region VII",
  "Lanao del Sur": "Region VII",
  "Maguindanao": "Region VII",
  "Maguindanao del Norte": "Region VII",
  "Maguindanao del Sur": "Region VII",
  "Sulu": "Region VII"
}